NAME,INSTAGRAM ID,FOLLOWERS,FOLLOWERS IN NUMBER,AVERAGE VIEWS,MAXIMUM VIEWS,MINIMUM VIEWS,TOP CITY,STATE,INDIAN AUDIENCE,AGE GROUP,LINK CLICK DATA,ENGAGEMENT RATE,PROOF DRIVE LINK,Niche,SCRIPT_SUGGESTIONS,SCRIPT_SELECTED,APPROVAL_STATUS
DINDORI VIEW,https://www.instagram.com/dindori_view,70K,70000,67141,330000,13700,DINDORI,Madhya Pradesh,99.90%,18-35,99,2.40%,https://drive.google.com/drive/folders/1NSXdJUEP3z3mbrDgLxKcuhyNz3PkXz8z,Local City Page,,,
SINGRAULI SOCIAL,https://www.instagram.com/singraulisocial,75K,75000,5230,21000,3368,SINGRAULI,Madhya Pradesh,,, ,2.90%,,Local City Page,,,
SHAHDOL SOCIAL,https://www.instagram.com/shahdol_social,75K,75000,29050,45900,5184,SHAHDOL,Madhya Pradesh,99.80%,24-35,,1.75%,https://drive.google.com/drive/folders/16EayHt9hQgi9oQGfqmheO-xMK0cVflXo,Local City Page,,,
SATNA WALE,https://www.instagram.com/satna.wale_,78.8K,78800,30930,250000,13200,SATNA,Madhya Pradesh,97.90%,24-35,,1.73%,https://drive.google.com/drive/folders/14-aE5-DWczANl1ISWUmneecohqJpQQnI,Local City Page,,,
SEONI CITY,https://www.instagram.com/seoni_city,82K,82000,32110,178000,3706,SEONI,Madhya Pradesh,,, ,4.10%,,Local City Page,,,
VIDUR SHARMA,https://www.instagram.com/indorereelgramofficial,84K,84000,30940,231000,2192,INDORE,Madhya Pradesh,99.50%,25-34,134,1.60%,https://drive.google.com/drive/folders/1YZeuZ3u1Ri6dmTpyVm55aYP4ucR0Ace_,Local City Page,,,
BARWANI GLAMOUR,https://www.instagram.com/barwani_glamour,86K,86000,39900,135000,5500,BARWANI,Madhya Pradesh,99.80%,25-34,,2.81%,https://drive.google.com/drive/folders/1TtjSvipgIVKndNyYo2eVKQSkZPsavdS0,Local City Page,,,
INDORI RAMA,https://www.instagram.com/indorirama,86K,86000,13040,21200,3602,INDORE,Madhya Pradesh,99.30%,25-34,,3.71%,https://drive.google.com/drive/folders/1J3eUyRWAEedBqT4XDe9sJG1hrfe_kiOX,Local City Page,,,
UJJAIN CLICK,https://www.instagram.com/ujjain_click,89K,89000,37300,146000,4000,UJJAIN,Madhya Pradesh,99.60%,25-34,,1.74%,https://drive.google.com/drive/folders/1nnJ6MyxTidF5gOAR_lFXAJ_6AxLu6h_0,Local City Page,,,
SINGRAULI OFFICIAL PAGE,https://www.instagram.com/singrauli_official_page_,93K,93000,102700,309000,33100,DUDHICHUA,Madhya Pradesh,99.10%,25-34,31,3.10%,https://drive.google.com/drive/folders/1P2-6mYgOz3JBNzqGKj0olTU3cawCLnz_,Local City Page,,,
PRANJAL KHANDWA,https://www.instagram.com/apnakhandwa_,99K,99000,36900,63500,18700,KHANDWA,Madhya Pradesh,99.80%,25-34,69,21.06%,https://drive.google.com/drive/folders/1Z2v3YpakSGA_gZTIh05xhobyfNW8JRO9,Local City Page,,,
KHARGONE CITY MP,https://www.instagram.com/khargone__city_mp_10,100K,100000,50800,118000,14800,KHARGONE,Madhya Pradesh,95%+,18-35,11,2.36%,https://drive.google.com/drive/folders/1p8ufBJLtlpNpGH1d_QA02Jwy9FIKZvJf,Local City Page,,,
ABHAY PANDAY,https://www.instagram.com/satna__se__rewa__,103K,103000,64500,183000,5100,REWA,Madhya Pradesh,99%,18-35,,2.79%,https://drive.google.com/drive/folders/14jg51I8SfQcJiAjF84PbAB_qCvlIjSrf,Regional Influencer,,,
NITIN SHARMA,https://www.instagram.com/wanderwithnitin,118K,118000,492000,1800000,16100,INDORE,Madhya Pradesh,94.80%,24-35,,1.50%,https://drive.google.com/drive/folders/1FiH4gYed5Zjb8Hh0bno8c1HVoaRf9qrC,Travel Creator,,,
VIJAY BAIRAGI,https://www.instagram.com/vidisha_shahar,130K,130000,84600,309000,4300,VIDISHA,Madhya Pradesh,99.60%,25-34,,2.85%,https://drive.google.com/drive/folders/1_ohnfoljQAlXO3Jm59_7U3Vl1e1Bi45Y,Local City Page,,,
MR MANDLA WALE,https://www.instagram.com/mr_mandla_wale,131K,131000,42300,51100,16300,MANDLA,Madhya Pradesh,,, ,2.70%,,Local City Page,,,
AMBEE TRIPATHI,https://www.instagram.com/rewa__satna,132K,132000,41800,100000,12100,REWA,Madhya Pradesh,99.90%,25-34,,7.34%,https://drive.google.com/drive/folders/10ulVH94QfvP_ilq-Tn16J_wPDLec9L1j,Regional Influencer,,,
HUMARA BHOPAL,https://www.instagram.com/hamara_bhopal12,134K,134000,36200,156000,1900,BHOPAL,Madhya Pradesh,99.50%,25-34,,1.84%,https://drive.google.com/drive/folders/1kUx2oHItejRTs_4DlG63B5crJLc7Bklw,Local City Page,,,
MAIHAR NAGRI,https://www.instagram.com/maiharnagari,151K,151000,,147000,13700,MAIHAR,Madhya Pradesh,98%+,24-35,,1.50%,https://drive.google.com/drive/folders/1PBil2Y6ytzi7ckIWVD8oPBObzHcWjt6t,Local City Page,,,
JABALPUR EDITION,https://www.instagram.com/jabalpur.edition_,157K,157000,41300,135000,8500,JABALPUR,Madhya Pradesh,99.70%,24-35,,3.64%,https://drive.google.com/drive/folders/1fzJfexjWe1OSDP3UedARZsn4XaT-QM-X,Local City Page,,,
BALAGHAAT CITY,https://www.instagram.com/balaghat123,168K,168000,272000,1000000,17500,BALAGHAT,Madhya Pradesh,99.70%,25-34,,1.45%,https://drive.google.com/drive/folders/16o0EHbJoYNgwAxlK2kyoYOqxwEjaHjaT,Local City Page,,,
PRAHLAD YADAV,https://www.instagram.com/maiharcity_wala__,182K,182000,61600,154000,21000,MAIHAR,Madhya Pradesh,,, ,12.81%,,Regional Influencer,,,
RATLAM MERI JAAN,https://www.instagram.com/theratlammerijaan,202K,202000,36600,65700,15800,RATLAM,Madhya Pradesh,,, ,1.37%,,Local City Page,,,
SUMIT RAJAK,https://www.instagram.com/rewa_to_maihar,219K,219000,37600,100000,7200,REWA,Madhya Pradesh,95%+,24-35,,5.45%,https://drive.google.com/drive/folders/12hbWynbSa0lAjJfVxcALlWVcWuJyQrDt,Regional Influencer,,,
VINDHYA PRADESH,https://www.instagram.com/rewa_satna_sidhi,219K,219000,59100,500000,3500,REWA,Madhya Pradesh,99.80%,24-35,,2.26%,,Regional Influencer,,,
REWA RIYASAT,https://www.instagram.com/rewa_riyasat_,224K,224000,39900,141000,7800,REWA,Madhya Pradesh,99.80%,25-34,,1.91%,https://drive.google.com/drive/folders/1ZPH5yGA-bBwPVI50SFGa3Kgy1iuJoXVR,Local City Page,,,
EK NO INDORI,https://www.instagram.com/eknoindore,225K,225000,163000,1200000,7200,INDORE,Madhya Pradesh,99.50%,25-34,8,1.62%,https://drive.google.com/drive/folders/1fxYOasLJZxRs1OAJqF5fcuxfe8-zi2ze,Local City Page,,,
APNA PYARA JABALPUR,https://www.instagram.com/apna_pyara_jabalpur,226K,226000,53000,130000,4800,JABALPUR,Madhya Pradesh,97.30%,25-34,,2.35%,https://drive.google.com/drive/folders/1mtWRl3co-TKNxi3R_PX3EWQ9Gkhgk3BF,Local City Page,,,
NEW CITY GUNA MP,https://www.instagram.com/citynewsgunamp,231K,231000,176000,303000,55600,GUNA,Madhya Pradesh,,, ,4.30%,,Local City Page,,,
INCREDIBLE INDORE,https://www.instagram.com/incredibleindore_,243K,243000,322000,1400000,7700,INDORE,Madhya Pradesh,98.70%,25-34,,2.10%,https://drive.google.com/drive/folders/1DOUy79xaNd9hnUBF_fgWLclOT9YVIAUj,Local City Page,,,
RAGHAV SOMANI,https://www.instagram.com/iloveindore,246K,246000,25200,102000,13700,INDORE,Madhya Pradesh,98.50%,24-35,,1.15%,https://drive.google.com/drive/folders/1YSzHm7JQ9miirpbUc7HjBX3CdjgDS6NS,Local City Page,,,
VINAY SHARMA,https://www.instagram.com/indoripaltan_official,264K,264000,29700,82500,7200,INDORE,Madhya Pradesh,99.60%,24-35,,1.51%,https://drive.google.com/drive/folders/1oRuJofY9Tx9livkhCbac1t5tirpr6Xr9,Local City Page,,,